,state,year,period,value,ID,LF_value,EMP_value,date
0,Alabama,2020,M06,7.5,Alabama2020M06,2195843,2030073,2020-06-01
1,Alabama,2020,M05,9.6,Alabama2020M05,2239608,2023565,2020-05-01
2,Alabama,2020,M04,13.8,Alabama2020M04,2198485,1895950,2020-04-01
3,Alabama,2020,M03,3.0,Alabama2020M03,2218590,2151586,2020-03-01
4,Alabama,2020,M02,2.7,Alabama2020M02,2243960,2184305,2020-02-01
5,Alabama,2020,M01,2.7,Alabama2020M01,2247721,2186652,2020-01-01
6,Alabama,2019,M12,2.7,Alabama2019M12,2247886,2186356,2019-12-01
7,Alabama,2019,M11,2.7,Alabama2019M11,2248190,2186809,2019-11-01
8,Alabama,2019,M10,2.7,Alabama2019M10,2247981,2186771,2019-10-01
9,Alabama,2019,M09,2.7,Alabama2019M09,2245766,2184271,2019-09-01
10,Alabama,2019,M08,2.8,Alabama2019M08,2242626,2180477,2019-08-01
11,Alabama,2019,M07,2.8,Alabama2019M07,2239558,2176144,2019-07-01
12,Alabama,2019,M06,2.9,Alabama2019M06,2237028,2171639,2019-06-01
13,Alabama,2019,M05,3.0,Alabama2019M05,2236013,2167956,2019-05-01
14,Alabama,2019,M04,3.2,Alabama2019M04,2236130,2164945,2019-04-01
15,Alabama,2019,M03,3.3,Alabama2019M03,2237126,2162757,2019-03-01
16,Alabama,2019,M02,3.5,Alabama2019M02,2238155,2160923,2019-02-01
17,Alabama,2019,M01,3.6,Alabama2019M01,2237931,2158471,2019-01-01
18,Alaska,2020,M06,12.4,Alaska2020M06,343356,300818,2020-06-01
19,Alaska,2020,M05,12.7,Alaska2020M05,333394,291016,2020-05-01
20,Alaska,2020,M04,13.5,Alaska2020M04,339224,293448,2020-04-01
21,Alaska,2020,M03,5.2,Alaska2020M03,344266,326251,2020-03-01
22,Alaska,2020,M02,5.8,Alaska2020M02,345418,325323,2020-02-01
23,Alaska,2020,M01,6.0,Alaska2020M01,346278,325347,2020-01-01
24,Alaska,2019,M12,6.1,Alaska2019M12,346831,325597,2019-12-01
25,Alaska,2019,M11,6.1,Alaska2019M11,346806,325568,2019-11-01
26,Alaska,2019,M10,6.1,Alaska2019M10,346910,325618,2019-10-01
27,Alaska,2019,M09,6.2,Alaska2019M09,347254,325848,2019-09-01
28,Alaska,2019,M08,6.2,Alaska2019M08,347620,326119,2019-08-01
29,Alaska,2019,M07,6.2,Alaska2019M07,347947,326408,2019-07-01
30,Alaska,2019,M06,6.2,Alaska2019M06,348117,326611,2019-06-01
31,Alaska,2019,M05,6.2,Alaska2019M05,348202,326774,2019-05-01
32,Alaska,2019,M04,6.1,Alaska2019M04,348294,326939,2019-04-01
33,Alaska,2019,M03,6.1,Alaska2019M03,348497,327179,2019-03-01
34,Alaska,2019,M02,6.1,Alaska2019M02,348849,327502,2019-02-01
35,Alaska,2019,M01,6.1,Alaska2019M01,349304,327856,2019-01-01
36,Arizona,2020,M06,10.0,Arizona2020M06,3496928,3147626,2020-06-01
37,Arizona,2020,M05,9.0,Arizona2020M05,3552457,3233472,2020-05-01
38,Arizona,2020,M04,13.4,Arizona2020M04,3543717,3069951,2020-04-01
39,Arizona,2020,M03,6.1,Arizona2020M03,3578637,3359486,2020-03-01
40,Arizona,2020,M02,4.5,Arizona2020M02,3613043,3451805,2020-02-01
41,Arizona,2020,M01,4.5,Arizona2020M01,3604805,3442732,2020-01-01
42,Arizona,2019,M12,4.5,Arizona2019M12,3594630,3431327,2019-12-01
43,Arizona,2019,M11,4.5,Arizona2019M11,3596303,3433191,2019-11-01
44,Arizona,2019,M10,4.5,Arizona2019M10,3595710,3432393,2019-10-01
45,Arizona,2019,M09,4.6,Arizona2019M09,3585858,3421432,2019-09-01
46,Arizona,2019,M08,4.6,Arizona2019M08,3571555,3405655,2019-08-01
47,Arizona,2019,M07,4.7,Arizona2019M07,3555243,3388011,2019-07-01
48,Arizona,2019,M06,4.8,Arizona2019M06,3539197,3371074,2019-06-01
49,Arizona,2019,M05,4.8,Arizona2019M05,3526522,3357716,2019-05-01
50,Arizona,2019,M04,4.8,Arizona2019M04,3516267,3346809,2019-04-01
51,Arizona,2019,M03,4.8,Arizona2019M03,3508284,3338340,2019-03-01
52,Arizona,2019,M02,4.9,Arizona2019M02,3501692,3331523,2019-02-01
53,Arizona,2019,M01,4.9,Arizona2019M01,3494658,3324691,2019-01-01
54,Arkansas,2020,M06,8.0,Arkansas2020M06,1312290,1206952,2020-06-01
55,Arkansas,2020,M05,9.6,Arkansas2020M05,1345509,1216249,2020-05-01
56,Arkansas,2020,M04,10.8,Arkansas2020M04,1309681,1168783,2020-04-01
57,Arkansas,2020,M03,5.0,Arkansas2020M03,1386469,1316741,2020-03-01
58,Arkansas,2020,M02,3.5,Arkansas2020M02,1367709,1319907,2020-02-01
59,Arkansas,2020,M01,3.5,Arkansas2020M01,1366308,1318240,2020-01-01
60,Arkansas,2019,M12,3.5,Arkansas2019M12,1364255,1316069,2019-12-01
61,Arkansas,2019,M11,3.5,Arkansas2019M11,1364331,1316141,2019-11-01
62,Arkansas,2019,M10,3.5,Arkansas2019M10,1364178,1315900,2019-10-01
63,Arkansas,2019,M09,3.6,Arkansas2019M09,1363257,1314807,2019-09-01
64,Arkansas,2019,M08,3.6,Arkansas2019M08,1362055,1313485,2019-08-01
65,Arkansas,2019,M07,3.6,Arkansas2019M07,1361041,1312512,2019-07-01
66,Arkansas,2019,M06,3.6,Arkansas2019M06,1360371,1312004,2019-06-01
67,Arkansas,2019,M05,3.5,Arkansas2019M05,1360506,1312287,2019-05-01
68,Arkansas,2019,M04,3.5,Arkansas2019M04,1361142,1312967,2019-04-01
69,Arkansas,2019,M03,3.5,Arkansas2019M03,1361942,1313673,2019-03-01
70,Arkansas,2019,M02,3.6,Arkansas2019M02,1362467,1313963,2019-02-01
71,Arkansas,2019,M01,3.6,Arkansas2019M01,1362313,1313527,2019-01-01
72,California,2020,M06,14.9,California2020M06,18948023,16116992,2020-06-01
73,California,2020,M05,16.4,California2020M05,18506781,15463725,2020-05-01
74,California,2020,M04,16.4,California2020M04,18582743,15539409,2020-04-01
75,California,2020,M03,5.5,California2020M03,19167967,18115804,2020-03-01
76,California,2020,M02,3.9,California2020M02,19516042,18756714,2020-02-01
77,California,2020,M01,3.9,California2020M01,19509644,18756375,2020-01-01
78,California,2019,M12,3.9,California2019M12,19483790,18729074,2019-12-01
79,California,2019,M11,3.9,California2019M11,19487634,18733893,2019-11-01
80,California,2019,M10,3.9,California2019M10,19485335,18731357,2019-10-01
81,California,2019,M09,3.9,California2019M09,19458303,18700422,2019-09-01
82,California,2019,M08,3.9,California2019M08,19419719,18655883,2019-08-01
83,California,2019,M07,4.0,California2019M07,19380953,18609341,2019-07-01
84,California,2019,M06,4.0,California2019M06,19349894,18568928,2019-06-01
85,California,2019,M05,4.1,California2019M05,19338261,18545462,2019-05-01
86,California,2019,M04,4.2,California2019M04,19342084,18535623,2019-04-01
87,California,2019,M03,4.2,California2019M03,19356775,18537826,2019-03-01
88,California,2019,M02,4.3,California2019M02,19374147,18546169,2019-02-01
89,California,2019,M01,4.3,California2019M01,19382859,18550985,2019-01-01
90,Colorado,2020,M06,10.5,Colorado2020M06,3169276,2835529,2020-06-01
91,Colorado,2020,M05,10.2,Colorado2020M05,3069113,2755457,2020-05-01
92,Colorado,2020,M04,12.2,Colorado2020M04,3054771,2681128,2020-04-01
93,Colorado,2020,M03,5.2,Colorado2020M03,3136533,2972506,2020-03-01
94,Colorado,2020,M02,2.5,Colorado2020M02,3186341,3106077,2020-02-01
95,Colorado,2020,M01,2.5,Colorado2020M01,3180821,3101414,2020-01-01
96,Colorado,2019,M12,2.5,Colorado2019M12,3174504,3094165,2019-12-01
97,Colorado,2019,M11,2.5,Colorado2019M11,3175472,3095329,2019-11-01
98,Colorado,2019,M10,2.5,Colorado2019M10,3175067,3094826,2019-10-01
99,Colorado,2019,M09,2.6,Colorado2019M09,3168978,3087657,2019-09-01
100,Colorado,2019,M08,2.6,Colorado2019M08,3160179,3077345,2019-08-01
101,Colorado,2019,M07,2.7,Colorado2019M07,3150271,3065701,2019-07-01
102,Colorado,2019,M06,2.7,Colorado2019M06,3140510,3054147,2019-06-01
103,Colorado,2019,M05,2.8,Colorado2019M05,3133013,3044663,2019-05-01
104,Colorado,2019,M04,2.9,Colorado2019M04,3127272,3036474,2019-04-01
105,Colorado,2019,M03,3.0,Colorado2019M03,3123383,3029822,2019-03-01
106,Colorado,2019,M02,3.1,Colorado2019M02,3120717,3024409,2019-02-01
107,Colorado,2019,M01,3.2,Colorado2019M01,3118005,3019332,2019-01-01
108,Connecticut,2020,M06,9.8,Connecticut2020M06,1869771,1686566,2020-06-01
109,Connecticut,2020,M05,9.6,Connecticut2020M05,1777004,1606697,2020-05-01
110,Connecticut,2020,M04,8.3,Connecticut2020M04,1776603,1629265,2020-04-01
111,Connecticut,2020,M03,3.4,Connecticut2020M03,1930836,1865216,2020-03-01
112,Connecticut,2020,M02,3.8,Connecticut2020M02,1930453,1857872,2020-02-01
113,Connecticut,2020,M01,3.7,Connecticut2020M01,1929340,1857116,2020-01-01
114,Connecticut,2019,M12,3.8,Connecticut2019M12,1926276,1853997,2019-12-01
115,Connecticut,2019,M11,3.8,Connecticut2019M11,1926916,1854543,2019-11-01
116,Connecticut,2019,M10,3.8,Connecticut2019M10,1926753,1854295,2019-10-01
117,Connecticut,2019,M09,3.7,Connecticut2019M09,1923109,1851012,2019-09-01
118,Connecticut,2019,M08,3.7,Connecticut2019M08,1917687,1846263,2019-08-01
119,Connecticut,2019,M07,3.7,Connecticut2019M07,1911681,1841106,2019-07-01
120,Connecticut,2019,M06,3.7,Connecticut2019M06,1906099,1836251,2019-06-01
121,Connecticut,2019,M05,3.7,Connecticut2019M05,1902550,1832938,2019-05-01
122,Connecticut,2019,M04,3.7,Connecticut2019M04,1901072,1831159,2019-04-01
123,Connecticut,2019,M03,3.7,Connecticut2019M03,1901736,1831118,2019-03-01
124,Connecticut,2019,M02,3.8,Connecticut2019M02,1904004,1832424,2019-02-01
125,Connecticut,2019,M01,3.8,Connecticut2019M01,1906788,1834176,2019-01-01
126,Delaware,2020,M06,12.5,Delaware2020M06,487859,426815,2020-06-01
127,Delaware,2020,M05,15.9,Delaware2020M05,472672,397743,2020-05-01
128,Delaware,2020,M04,14.9,Delaware2020M04,463508,394223,2020-04-01
129,Delaware,2020,M03,5.0,Delaware2020M03,477377,453613,2020-03-01
130,Delaware,2020,M02,3.9,Delaware2020M02,489276,470043,2020-02-01
131,Delaware,2020,M01,4.0,Delaware2020M01,488917,469519,2020-01-01
132,Delaware,2019,M12,4.0,Delaware2019M12,488861,469461,2019-12-01
133,Delaware,2019,M11,4.0,Delaware2019M11,488945,469497,2019-11-01
134,Delaware,2019,M10,4.0,Delaware2019M10,488997,469532,2019-10-01
135,Delaware,2019,M09,3.9,Delaware2019M09,488694,469406,2019-09-01
136,Delaware,2019,M08,3.9,Delaware2019M08,488173,469178,2019-08-01
137,Delaware,2019,M07,3.8,Delaware2019M07,487583,468959,2019-07-01
138,Delaware,2019,M06,3.7,Delaware2019M06,486936,468707,2019-06-01
139,Delaware,2019,M05,3.7,Delaware2019M05,486431,468549,2019-05-01
140,Delaware,2019,M04,3.6,Delaware2019M04,486041,468449,2019-04-01
141,Delaware,2019,M03,3.6,Delaware2019M03,485708,468349,2019-03-01
142,Delaware,2019,M02,3.5,Delaware2019M02,485355,468169,2019-02-01
143,Delaware,2019,M01,3.5,Delaware2019M01,484902,467818,2019-01-01
144,Florida,2020,M06,10.4,Florida2020M06,9769991,8749302,2020-06-01
145,Florida,2020,M05,13.7,Florida2020M05,9627360,8308051,2020-05-01
146,Florida,2020,M04,13.8,Florida2020M04,9472243,8166411,2020-04-01
147,Florida,2020,M03,4.4,Florida2020M03,10331185,9873877,2020-03-01
148,Florida,2020,M02,2.8,Florida2020M02,10455399,10164675,2020-02-01
149,Florida,2020,M01,2.8,Florida2020M01,10440312,10148929,2020-01-01
150,Florida,2019,M12,2.9,Florida2019M12,10419034,10121594,2019-12-01
151,Florida,2019,M11,2.8,Florida2019M11,10423269,10126546,2019-11-01
152,Florida,2019,M10,2.9,Florida2019M10,10423379,10125431,2019-10-01
153,Florida,2019,M09,2.9,Florida2019M09,10402699,10098918,2019-09-01
154,Florida,2019,M08,3.0,Florida2019M08,10370434,10059338,2019-08-01
155,Florida,2019,M07,3.1,Florida2019M07,10333418,10015016,2019-07-01
156,Florida,2019,M06,3.2,Florida2019M06,10298460,9973583,2019-06-01
157,Florida,2019,M05,3.2,Florida2019M05,10274886,9943938,2019-05-01
158,Florida,2019,M04,3.3,Florida2019M04,10262056,9924507,2019-04-01
159,Florida,2019,M03,3.4,Florida2019M03,10259007,9915067,2019-03-01
160,Florida,2019,M02,3.4,Florida2019M02,10261124,9912103,2019-02-01
161,Florida,2019,M01,3.4,Florida2019M01,10260524,9908830,2019-01-01
162,Georgia,2020,M06,7.6,Georgia2020M06,4923646,4550242,2020-06-01
163,Georgia,2020,M05,9.4,Georgia2020M05,4892536,4432132,2020-05-01
164,Georgia,2020,M04,12.6,Georgia2020M04,4894396,4279924,2020-04-01
165,Georgia,2020,M03,4.6,Georgia2020M03,5156973,4917754,2020-03-01
166,Georgia,2020,M02,3.1,Georgia2020M02,5156347,4995200,2020-02-01
167,Georgia,2020,M01,3.1,Georgia2020M01,5147616,4988005,2020-01-01
168,Georgia,2019,M12,3.1,Georgia2019M12,5137642,4975936,2019-12-01
169,Georgia,2019,M11,3.1,Georgia2019M11,5138942,4977732,2019-11-01
170,Georgia,2019,M10,3.2,Georgia2019M10,5138363,4976473,2019-10-01
171,Georgia,2019,M09,3.2,Georgia2019M09,5129851,4964375,2019-09-01
172,Georgia,2019,M08,3.3,Georgia2019M08,5117470,4947459,2019-08-01
173,Georgia,2019,M07,3.4,Georgia2019M07,5104207,4929889,2019-07-01
174,Georgia,2019,M06,3.5,Georgia2019M06,5092563,4914704,2019-06-01
175,Georgia,2019,M05,3.6,Georgia2019M05,5086318,4905393,2019-05-01
176,Georgia,2019,M04,3.6,Georgia2019M04,5084588,4900389,2019-04-01
177,Georgia,2019,M03,3.7,Georgia2019M03,5086452,4898827,2019-03-01
178,Georgia,2019,M02,3.7,Georgia2019M02,5089643,4898884,2019-02-01
179,Georgia,2019,M01,3.8,Georgia2019M01,5091021,4898096,2019-01-01
180,Hawaii,2020,M06,13.9,Hawaii2020M06,612805,527604,2020-06-01
181,Hawaii,2020,M05,23.5,Hawaii2020M05,626986,479621,2020-05-01
182,Hawaii,2020,M04,23.8,Hawaii2020M04,633724,482814,2020-04-01
183,Hawaii,2020,M03,2.4,Hawaii2020M03,665727,649770,2020-03-01
184,Hawaii,2020,M02,2.7,Hawaii2020M02,669072,651215,2020-02-01
185,Hawaii,2020,M01,2.7,Hawaii2020M01,668169,650377,2020-01-01
186,Hawaii,2019,M12,2.7,Hawaii2019M12,666539,648873,2019-12-01
187,Hawaii,2019,M11,2.6,Hawaii2019M11,666654,648988,2019-11-01
188,Hawaii,2019,M10,2.7,Hawaii2019M10,666583,648848,2019-10-01
189,Hawaii,2019,M09,2.7,Hawaii2019M09,665785,647883,2019-09-01
190,Hawaii,2019,M08,2.7,Hawaii2019M08,664641,646583,2019-08-01
191,Hawaii,2019,M07,2.7,Hawaii2019M07,663544,645387,2019-07-01
192,Hawaii,2019,M06,2.7,Hawaii2019M06,662720,644530,2019-06-01
193,Hawaii,2019,M05,2.7,Hawaii2019M05,662531,644353,2019-05-01
194,Hawaii,2019,M04,2.7,Hawaii2019M04,662973,644777,2019-04-01
195,Hawaii,2019,M03,2.8,Hawaii2019M03,664000,645727,2019-03-01
196,Hawaii,2019,M02,2.8,Hawaii2019M02,665402,647012,2019-02-01
197,Hawaii,2019,M01,2.8,Hawaii2019M01,666938,648451,2019-01-01
198,Idaho,2020,M06,5.6,Idaho2020M06,892165,841898,2020-06-01
199,Idaho,2020,M05,9.0,Idaho2020M05,882241,803013,2020-05-01
200,Idaho,2020,M04,11.8,Idaho2020M04,885844,781553,2020-04-01
201,Idaho,2020,M03,2.5,Idaho2020M03,894632,872658,2020-03-01
202,Idaho,2020,M02,2.7,Idaho2020M02,891661,867822,2020-02-01
203,Idaho,2020,M01,2.8,Idaho2020M01,890069,865321,2020-01-01
204,Idaho,2019,M12,2.9,Idaho2019M12,888658,863269,2019-12-01
205,Idaho,2019,M11,2.9,Idaho2019M11,888878,863501,2019-11-01
206,Idaho,2019,M10,2.9,Idaho2019M10,888897,863475,2019-10-01
207,Idaho,2019,M09,2.9,Idaho2019M09,887795,862222,2019-09-01
208,Idaho,2019,M08,2.9,Idaho2019M08,886093,860354,2019-08-01
209,Idaho,2019,M07,2.9,Idaho2019M07,883977,858125,2019-07-01
210,Idaho,2019,M06,2.9,Idaho2019M06,881507,855620,2019-06-01
211,Idaho,2019,M05,2.9,Idaho2019M05,879122,853250,2019-05-01
212,Idaho,2019,M04,2.9,Idaho2019M04,876762,850921,2019-04-01
213,Idaho,2019,M03,2.9,Idaho2019M03,874607,848811,2019-03-01
214,Idaho,2019,M02,2.9,Idaho2019M02,872623,846902,2019-02-01
215,Idaho,2019,M01,2.9,Idaho2019M01,870617,845034,2019-01-01
216,Illinois,2020,M06,14.6,Illinois2020M06,6487911,5541540,2020-06-01
217,Illinois,2020,M05,15.3,Illinois2020M05,6305015,5337980,2020-05-01
218,Illinois,2020,M04,17.2,Illinois2020M04,6123362,5072987,2020-04-01
219,Illinois,2020,M03,4.2,Illinois2020M03,6294250,6030123,2020-03-01
220,Illinois,2020,M02,3.4,Illinois2020M02,6398665,6179880,2020-02-01
221,Illinois,2020,M01,3.5,Illinois2020M01,6417226,6189437,2020-01-01
222,Illinois,2019,M12,3.7,Illinois2019M12,6433027,6196809,2019-12-01
223,Illinois,2019,M11,3.7,Illinois2019M11,6433159,6197576,2019-11-01
224,Illinois,2019,M10,3.7,Illinois2019M10,6435480,6199272,2019-10-01
225,Illinois,2019,M09,3.7,Illinois2019M09,6439731,6199414,2019-09-01
226,Illinois,2019,M08,3.8,Illinois2019M08,6442858,6197008,2019-08-01
227,Illinois,2019,M07,3.9,Illinois2019M07,6444841,6192675,2019-07-01
228,Illinois,2019,M06,4.0,Illinois2019M06,6445179,6186736,2019-06-01
229,Illinois,2019,M05,4.1,Illinois2019M05,6447045,6182433,2019-05-01
230,Illinois,2019,M04,4.2,Illinois2019M04,6452156,6181182,2019-04-01
231,Illinois,2019,M03,4.3,Illinois2019M03,6460202,6183400,2019-03-01
232,Illinois,2019,M02,4.3,Illinois2019M02,6469321,6188045,2019-02-01
233,Illinois,2019,M01,4.4,Illinois2019M01,6475751,6192440,2019-01-01
234,Indiana,2020,M06,11.2,Indiana2020M06,3393789,3013122,2020-06-01
235,Indiana,2020,M05,12.3,Indiana2020M05,3340305,2930891,2020-05-01
236,Indiana,2020,M04,17.5,Indiana2020M04,3226630,2660808,2020-04-01
237,Indiana,2020,M03,3.0,Indiana2020M03,3277678,3177786,2020-03-01
238,Indiana,2020,M02,3.1,Indiana2020M02,3396229,3291040,2020-02-01
239,Indiana,2020,M01,3.1,Indiana2020M01,3392922,3286146,2020-01-01
240,Indiana,2019,M12,3.2,Indiana2019M12,3388859,3281209,2019-12-01
241,Indiana,2019,M11,3.2,Indiana2019M11,3389478,3281975,2019-11-01
242,Indiana,2019,M10,3.2,Indiana2019M10,3389444,3282061,2019-10-01
243,Indiana,2019,M09,3.2,Indiana2019M09,3386110,3278500,2019-09-01
244,Indiana,2019,M08,3.2,Indiana2019M08,3380901,3272718,2019-08-01
245,Indiana,2019,M07,3.2,Indiana2019M07,3376195,3266943,2019-07-01
246,Indiana,2019,M06,3.3,Indiana2019M06,3373873,3263061,2019-06-01
247,Indiana,2019,M05,3.3,Indiana2019M05,3376225,3263234,2019-05-01
248,Indiana,2019,M04,3.4,Indiana2019M04,3382499,3266910,2019-04-01
249,Indiana,2019,M03,3.5,Indiana2019M03,3391039,3272809,2019-03-01
250,Indiana,2019,M02,3.5,Indiana2019M02,3399291,3278775,2019-02-01
251,Indiana,2019,M01,3.6,Indiana2019M01,3404310,3282340,2019-01-01
252,Iowa,2020,M06,8.0,Iowa2020M06,1639426,1508262,2020-06-01
253,Iowa,2020,M05,10.2,Iowa2020M05,1694125,1521154,2020-05-01
254,Iowa,2020,M04,11.0,Iowa2020M04,1712643,1524636,2020-04-01
255,Iowa,2020,M03,3.3,Iowa2020M03,1722018,1665444,2020-03-01
256,Iowa,2020,M02,2.8,Iowa2020M02,1752621,1703351,2020-02-01
257,Iowa,2020,M01,2.8,Iowa2020M01,1754704,1704978,2020-01-01
258,Iowa,2019,M12,2.8,Iowa2019M12,1753614,1704276,2019-12-01
259,Iowa,2019,M11,2.8,Iowa2019M11,1754287,1704890,2019-11-01
260,Iowa,2019,M10,2.8,Iowa2019M10,1754370,1705063,2019-10-01
261,Iowa,2019,M09,2.8,Iowa2019M09,1751217,1702476,2019-09-01
262,Iowa,2019,M08,2.8,Iowa2019M08,1746330,1698273,2019-08-01
263,Iowa,2019,M07,2.7,Iowa2019M07,1740791,1693248,2019-07-01
264,Iowa,2019,M06,2.7,Iowa2019M06,1735299,1688059,2019-06-01
265,Iowa,2019,M05,2.7,Iowa2019M05,1730994,1683850,2019-05-01
266,Iowa,2019,M04,2.7,Iowa2019M04,1727448,1680404,2019-04-01
267,Iowa,2019,M03,2.7,Iowa2019M03,1724319,1677562,2019-03-01
268,Iowa,2019,M02,2.7,Iowa2019M02,1721176,1674918,2019-02-01
269,Iowa,2019,M01,2.7,Iowa2019M01,1717459,1671886,2019-01-01
270,Kansas,2020,M06,7.5,Kansas2020M06,1480512,1369711,2020-06-01
271,Kansas,2020,M05,10.0,Kansas2020M05,1505828,1354535,2020-05-01
272,Kansas,2020,M04,11.9,Kansas2020M04,1503506,1324012,2020-04-01
273,Kansas,2020,M03,2.8,Kansas2020M03,1508551,1465907,2020-03-01
274,Kansas,2020,M02,3.1,Kansas2020M02,1496525,1449736,2020-02-01
275,Kansas,2020,M01,3.1,Kansas2020M01,1493934,1447063,2020-01-01
276,Kansas,2019,M12,3.1,Kansas2019M12,1491808,1444886,2019-12-01
277,Kansas,2019,M11,3.1,Kansas2019M11,1491949,1445043,2019-11-01
278,Kansas,2019,M10,3.1,Kansas2019M10,1491710,1444930,2019-10-01
279,Kansas,2019,M09,3.1,Kansas2019M09,1490123,1443702,2019-09-01
280,Kansas,2019,M08,3.1,Kansas2019M08,1488057,1441976,2019-08-01
281,Kansas,2019,M07,3.1,Kansas2019M07,1486033,1440113,2019-07-01
282,Kansas,2019,M06,3.1,Kansas2019M06,1484145,1438114,2019-06-01
283,Kansas,2019,M05,3.1,Kansas2019M05,1482972,1436489,2019-05-01
284,Kansas,2019,M04,3.2,Kansas2019M04,1482224,1435111,2019-04-01
285,Kansas,2019,M03,3.2,Kansas2019M03,1481866,1434149,2019-03-01
286,Kansas,2019,M02,3.3,Kansas2019M02,1481810,1433605,2019-02-01
287,Kansas,2019,M01,3.3,Kansas2019M01,1481778,1433280,2019-01-01
288,Kentucky,2020,M06,4.3,Kentucky2020M06,1920269,1837555,2020-06-01
289,Kentucky,2020,M05,10.9,Kentucky2020M05,2029333,1809019,2020-05-01
290,Kentucky,2020,M04,16.6,Kentucky2020M04,2052263,1712526,2020-04-01
291,Kentucky,2020,M03,5.2,Kentucky2020M03,2066275,1958322,2020-03-01
292,Kentucky,2020,M02,4.2,Kentucky2020M02,2084089,1995951,2020-02-01
293,Kentucky,2020,M01,4.3,Kentucky2020M01,2084752,1994520,2020-01-01
294,Kentucky,2019,M12,4.3,Kentucky2019M12,2082207,1991923,2019-12-01
295,Kentucky,2019,M11,4.3,Kentucky2019M11,2082697,1992397,2019-11-01
296,Kentucky,2019,M10,4.3,Kentucky2019M10,2083132,1992837,2019-10-01
297,Kentucky,2019,M09,4.3,Kentucky2019M09,2081590,1991454,2019-09-01
298,Kentucky,2019,M08,4.3,Kentucky2019M08,2078630,1988713,2019-08-01
299,Kentucky,2019,M07,4.3,Kentucky2019M07,2074764,1985146,2019-07-01
300,Kentucky,2019,M06,4.3,Kentucky2019M06,2070301,1981147,2019-06-01
301,Kentucky,2019,M05,4.3,Kentucky2019M05,2066550,1977916,2019-05-01
302,Kentucky,2019,M04,4.3,Kentucky2019M04,2063803,1975754,2019-04-01
303,Kentucky,2019,M03,4.2,Kentucky2019M03,2062224,1974793,2019-03-01
304,Kentucky,2019,M02,4.2,Kentucky2019M02,2061672,1974520,2019-02-01
305,Kentucky,2019,M01,4.2,Kentucky2019M01,2061457,1974101,2019-01-01
306,Louisiana,2020,M06,9.7,Louisiana2020M06,1997072,1804168,2020-06-01
307,Louisiana,2020,M05,14.2,Louisiana2020M05,2031725,1742230,2020-05-01
308,Louisiana,2020,M04,15.1,Louisiana2020M04,1931888,1640602,2020-04-01
309,Louisiana,2020,M03,6.7,Louisiana2020M03,2126568,1984927,2020-03-01
310,Louisiana,2020,M02,5.2,Louisiana2020M02,2109980,2000126,2020-02-01
311,Louisiana,2020,M01,5.3,Louisiana2020M01,2107207,1995892,2020-01-01
312,Louisiana,2019,M12,5.2,Louisiana2019M12,2102205,1993208,2019-12-01
313,Louisiana,2019,M11,5.2,Louisiana2019M11,2102578,1993247,2019-11-01
314,Louisiana,2019,M10,5.2,Louisiana2019M10,2102225,1993322,2019-10-01
315,Louisiana,2019,M09,5.1,Louisiana2019M09,2099185,1993090,2019-09-01
316,Louisiana,2019,M08,4.9,Louisiana2019M08,2094998,1992636,2019-08-01
317,Louisiana,2019,M07,4.7,Louisiana2019M07,2090833,1992463,2019-07-01
318,Louisiana,2019,M06,4.6,Louisiana2019M06,2087601,1992477,2019-06-01
319,Louisiana,2019,M05,4.5,Louisiana2019M05,2086757,1993195,2019-05-01
320,Louisiana,2019,M04,4.5,Louisiana2019M04,2087912,1994496,2019-04-01
321,Louisiana,2019,M03,4.5,Louisiana2019M03,2090667,1996265,2019-03-01
322,Louisiana,2019,M02,4.6,Louisiana2019M02,2094204,1998071,2019-02-01
323,Louisiana,2019,M01,4.7,Louisiana2019M01,2097303,1999204,2019-01-01
324,Maine,2020,M06,6.6,Maine2020M06,667986,623926,2020-06-01
325,Maine,2020,M05,9.4,Maine2020M05,665863,603171,2020-05-01
326,Maine,2020,M04,10.4,Maine2020M04,658950,590147,2020-04-01
327,Maine,2020,M03,3.0,Maine2020M03,695329,674282,2020-03-01
328,Maine,2020,M02,3.2,Maine2020M02,695029,672993,2020-02-01
329,Maine,2020,M01,3.1,Maine2020M01,694174,672966,2020-01-01
330,Maine,2019,M12,3.0,Maine2019M12,693630,672992,2019-12-01
331,Maine,2019,M11,3.0,Maine2019M11,693715,673084,2019-11-01
332,Maine,2019,M10,3.0,Maine2019M10,693661,673135,2019-10-01
333,Maine,2019,M09,2.9,Maine2019M09,693045,672746,2019-09-01
334,Maine,2019,M08,2.9,Maine2019M08,692182,672083,2019-08-01
335,Maine,2019,M07,2.9,Maine2019M07,691444,671381,2019-07-01
336,Maine,2019,M06,2.9,Maine2019M06,690978,670722,2019-06-01
337,Maine,2019,M05,3.0,Maine2019M05,691074,670402,2019-05-01
338,Maine,2019,M04,3.1,Maine2019M04,691620,670413,2019-04-01
339,Maine,2019,M03,3.1,Maine2019M03,692476,670722,2019-03-01
340,Maine,2019,M02,3.2,Maine2019M02,693390,671170,2019-02-01
341,Maine,2019,M01,3.2,Maine2019M01,694085,671537,2019-01-01
342,Maryland,2020,M06,8.0,Maryland2020M06,3202709,2944947,2020-06-01
343,Maryland,2020,M05,10.0,Maryland2020M05,3115059,2804911,2020-05-01
344,Maryland,2020,M04,10.1,Maryland2020M04,3112390,2796592,2020-04-01
345,Maryland,2020,M03,3.3,Maryland2020M03,3284708,3175393,2020-03-01
346,Maryland,2020,M02,3.3,Maryland2020M02,3280277,3172883,2020-02-01
347,Maryland,2020,M01,3.3,Maryland2020M01,3276524,3167463,2020-01-01
348,Maryland,2019,M12,3.4,Maryland2019M12,3272378,3160365,2019-12-01
349,Maryland,2019,M11,3.4,Maryland2019M11,3272834,3160936,2019-11-01
350,Maryland,2019,M10,3.4,Maryland2019M10,3273101,3160658,2019-10-01
351,Maryland,2019,M09,3.5,Maryland2019M09,3271010,3156844,2019-09-01
352,Maryland,2019,M08,3.6,Maryland2019M08,3267477,3151418,2019-08-01
353,Maryland,2019,M07,3.6,Maryland2019M07,3263140,3145585,2019-07-01
354,Maryland,2019,M06,3.6,Maryland2019M06,3258184,3139739,2019-06-01
355,Maryland,2019,M05,3.7,Maryland2019M05,3254239,3135190,2019-05-01
356,Maryland,2019,M04,3.7,Maryland2019M04,3251116,3131352,2019-04-01
357,Maryland,2019,M03,3.7,Maryland2019M03,3248606,3128100,2019-03-01
358,Maryland,2019,M02,3.7,Maryland2019M02,3246181,3124998,2019-02-01
359,Maryland,2019,M01,3.8,Maryland2019M01,3242979,3121324,2019-01-01
360,Massachusetts,2020,M06,17.4,Massachusetts2020M06,3671688,3033620,2020-06-01
361,Massachusetts,2020,M05,16.6,Massachusetts2020M05,3540873,2954413,2020-05-01
362,Massachusetts,2020,M04,16.2,Massachusetts2020M04,3406875,2853941,2020-04-01
363,Massachusetts,2020,M03,2.8,Massachusetts2020M03,3771967,3665047,2020-03-01
364,Massachusetts,2020,M02,2.8,Massachusetts2020M02,3834827,3728255,2020-02-01
365,Massachusetts,2020,M01,2.8,Massachusetts2020M01,3836148,3729899,2020-01-01
366,Massachusetts,2019,M12,2.8,Massachusetts2019M12,3834262,3727633,2019-12-01
367,Massachusetts,2019,M11,2.8,Massachusetts2019M11,3835120,3728610,2019-11-01
368,Massachusetts,2019,M10,2.8,Massachusetts2019M10,3834887,3728268,2019-10-01
369,Massachusetts,2019,M09,2.8,Massachusetts2019M09,3829750,3722387,2019-09-01
370,Massachusetts,2019,M08,2.8,Massachusetts2019M08,3822170,3713768,2019-08-01
371,Massachusetts,2019,M07,2.9,Massachusetts2019M07,3813991,3704388,2019-07-01
372,Massachusetts,2019,M06,2.9,Massachusetts2019M06,3806480,3695671,2019-06-01
373,Massachusetts,2019,M05,2.9,Massachusetts2019M05,3802246,3690098,2019-05-01
374,Massachusetts,2019,M04,3.0,Massachusetts2019M04,3801080,3687342,2019-04-01
375,Massachusetts,2019,M03,3.0,Massachusetts2019M03,3802648,3687207,2019-03-01
376,Massachusetts,2019,M02,3.1,Massachusetts2019M02,3805911,3688825,2019-02-01
377,Massachusetts,2019,M01,3.1,Massachusetts2019M01,3809095,3690557,2019-01-01
378,Michigan,2020,M06,14.8,Michigan2020M06,4946025,4213987,2020-06-01
379,Michigan,2020,M05,21.3,Michigan2020M05,4762541,3749795,2020-05-01
380,Michigan,2020,M04,24.0,Michigan2020M04,4591520,3489020,2020-04-01
381,Michigan,2020,M03,4.3,Michigan2020M03,4902508,4693677,2020-03-01
382,Michigan,2020,M02,3.6,Michigan2020M02,4950186,4769868,2020-02-01
383,Michigan,2020,M01,3.8,Michigan2020M01,4946724,4759515,2020-01-01
384,Michigan,2019,M12,3.9,Michigan2019M12,4941082,4750088,2019-12-01
385,Michigan,2019,M11,3.9,Michigan2019M11,4941316,4750962,2019-11-01
386,Michigan,2019,M10,3.9,Michigan2019M10,4941513,4750986,2019-10-01
387,Michigan,2019,M09,3.9,Michigan2019M09,4939952,4746565,2019-09-01
388,Michigan,2019,M08,4.0,Michigan2019M08,4937225,4739403,2019-08-01
389,Michigan,2019,M07,4.1,Michigan2019M07,4934220,4731577,2019-07-01
390,Michigan,2019,M06,4.2,Michigan2019M06,4931142,4724570,2019-06-01
391,Michigan,2019,M05,4.2,Michigan2019M05,4930397,4721029,2019-05-01
392,Michigan,2019,M04,4.3,Michigan2019M04,4931798,4720814,2019-04-01
393,Michigan,2019,M03,4.3,Michigan2019M03,4935119,4724022,2019-03-01
394,Michigan,2019,M02,4.2,Michigan2019M02,4938994,4729147,2019-02-01
395,Michigan,2019,M01,4.2,Michigan2019M01,4940173,4732779,2019-01-01
396,Minnesota,2020,M06,8.6,Minnesota2020M06,3116326,2848800,2020-06-01
397,Minnesota,2020,M05,9.9,Minnesota2020M05,3069944,2766978,2020-05-01
398,Minnesota,2020,M04,8.7,Minnesota2020M04,3066464,2799493,2020-04-01
399,Minnesota,2020,M03,2.9,Minnesota2020M03,3094328,3005502,2020-03-01
400,Minnesota,2020,M02,3.1,Minnesota2020M02,3121329,3025204,2020-02-01
401,Minnesota,2020,M01,3.2,Minnesota2020M01,3122744,3023966,2020-01-01
402,Minnesota,2019,M12,3.3,Minnesota2019M12,3123024,3021131,2019-12-01
403,Minnesota,2019,M11,3.3,Minnesota2019M11,3123569,3021641,2019-11-01
404,Minnesota,2019,M10,3.3,Minnesota2019M10,3123561,3021790,2019-10-01
405,Minnesota,2019,M09,3.2,Minnesota2019M09,3120459,3019383,2019-09-01
406,Minnesota,2019,M08,3.2,Minnesota2019M08,3115785,3015505,2019-08-01
407,Minnesota,2019,M07,3.2,Minnesota2019M07,3110509,3011020,2019-07-01
408,Minnesota,2019,M06,3.2,Minnesota2019M06,3105019,3006047,2019-06-01
409,Minnesota,2019,M05,3.2,Minnesota2019M05,3101106,3002006,2019-05-01
410,Minnesota,2019,M04,3.2,Minnesota2019M04,3098456,2999023,2019-04-01
411,Minnesota,2019,M03,3.2,Minnesota2019M03,3096730,2997265,2019-03-01
412,Minnesota,2019,M02,3.2,Minnesota2019M02,3095337,2996333,2019-02-01
413,Minnesota,2019,M01,3.2,Minnesota2019M01,3093308,2995382,2019-01-01
414,Mississippi,2020,M06,8.7,Mississippi2020M06,1193548,1089875,2020-06-01
415,Mississippi,2020,M05,10.5,Mississippi2020M05,1208867,1082280,2020-05-01
416,Mississippi,2020,M04,16.3,Mississippi2020M04,1197893,1002464,2020-04-01
417,Mississippi,2020,M03,5.1,Mississippi2020M03,1267089,1202803,2020-03-01
418,Mississippi,2020,M02,5.4,Mississippi2020M02,1276458,1207994,2020-02-01
419,Mississippi,2020,M01,5.5,Mississippi2020M01,1279329,1209534,2020-01-01
420,Mississippi,2019,M12,5.6,Mississippi2019M12,1280945,1209761,2019-12-01
421,Mississippi,2019,M11,5.6,Mississippi2019M11,1281170,1209874,2019-11-01
422,Mississippi,2019,M10,5.6,Mississippi2019M10,1281461,1209989,2019-10-01
423,Mississippi,2019,M09,5.6,Mississippi2019M09,1280907,1209518,2019-09-01
424,Mississippi,2019,M08,5.5,Mississippi2019M08,1279638,1208630,2019-08-01
425,Mississippi,2019,M07,5.5,Mississippi2019M07,1277749,1207458,2019-07-01
426,Mississippi,2019,M06,5.4,Mississippi2019M06,1275359,1206004,2019-06-01
427,Mississippi,2019,M05,5.4,Mississippi2019M05,1273240,1204792,2019-05-01
428,Mississippi,2019,M04,5.3,Mississippi2019M04,1271594,1203960,2019-04-01
429,Mississippi,2019,M03,5.3,Mississippi2019M03,1270582,1203687,2019-03-01
430,Mississippi,2019,M02,5.2,Mississippi2019M02,1270062,1203907,2019-02-01
431,Mississippi,2019,M01,5.1,Mississippi2019M01,1269621,1204357,2019-01-01
432,Missouri,2020,M06,7.9,Missouri2020M06,3019868,2782219,2020-06-01
433,Missouri,2020,M05,10.1,Missouri2020M05,3013333,2709686,2020-05-01
434,Missouri,2020,M04,10.2,Missouri2020M04,3029038,2720544,2020-04-01
435,Missouri,2020,M03,3.9,Missouri2020M03,3145755,3024168,2020-03-01
436,Missouri,2020,M02,3.5,Missouri2020M02,3111767,3002151,2020-02-01
437,Missouri,2020,M01,3.5,Missouri2020M01,3111534,3001253,2020-01-01
438,Missouri,2019,M12,3.4,Missouri2019M12,3104134,2997762,2019-12-01
439,Missouri,2019,M11,3.4,Missouri2019M11,3105035,2998582,2019-11-01
440,Missouri,2019,M10,3.4,Missouri2019M10,3104105,2998448,2019-10-01
441,Missouri,2019,M09,3.3,Missouri2019M09,3096836,2994012,2019-09-01
442,Missouri,2019,M08,3.2,Missouri2019M08,3087074,2987335,2019-08-01
443,Missouri,2019,M07,3.2,Missouri2019M07,3077388,2980183,2019-07-01
444,Missouri,2019,M06,3.1,Missouri2019M06,3069636,2973695,2019-06-01
445,Missouri,2019,M05,3.1,Missouri2019M05,3066057,2969628,2019-05-01
446,Missouri,2019,M04,3.2,Missouri2019M04,3065263,2967502,2019-04-01
447,Missouri,2019,M03,3.2,Missouri2019M03,3066036,2967068,2019-03-01
448,Missouri,2019,M02,3.2,Missouri2019M02,3066996,2967458,2019-02-01
449,Missouri,2019,M01,3.2,Missouri2019M01,3066433,2967251,2019-01-01
450,Montana,2020,M06,7.1,Montana2020M06,535648,497584,2020-06-01
451,Montana,2020,M05,9.0,Montana2020M05,523851,476592,2020-05-01
452,Montana,2020,M04,11.9,Montana2020M04,520588,458407,2020-04-01
453,Montana,2020,M03,3.6,Montana2020M03,538777,519559,2020-03-01
454,Montana,2020,M02,3.5,Montana2020M02,537336,518642,2020-02-01
455,Montana,2020,M01,3.5,Montana2020M01,536520,517842,2020-01-01
456,Montana,2019,M12,3.5,Montana2019M12,535694,516978,2019-12-01
457,Montana,2019,M11,3.5,Montana2019M11,535823,517084,2019-11-01
458,Montana,2019,M10,3.5,Montana2019M10,535978,517221,2019-10-01
459,Montana,2019,M09,3.5,Montana2019M09,535725,517014,2019-09-01
460,Montana,2019,M08,3.5,Montana2019M08,535105,516494,2019-08-01
461,Montana,2019,M07,3.5,Montana2019M07,534199,515685,2019-07-01
462,Montana,2019,M06,3.5,Montana2019M06,533068,514618,2019-06-01
463,Montana,2019,M05,3.5,Montana2019M05,532100,513669,2019-05-01
464,Montana,2019,M04,3.5,Montana2019M04,531418,512970,2019-04-01
465,Montana,2019,M03,3.5,Montana2019M03,531051,512569,2019-03-01
466,Montana,2019,M02,3.5,Montana2019M02,530934,512411,2019-02-01
467,Montana,2019,M01,3.5,Montana2019M01,530894,512326,2019-01-01
468,Nebraska,2020,M06,6.7,Nebraska2020M06,1057140,986494,2020-06-01
469,Nebraska,2020,M05,5.3,Nebraska2020M05,1031135,976313,2020-05-01
470,Nebraska,2020,M04,8.7,Nebraska2020M04,1059547,966909,2020-04-01
471,Nebraska,2020,M03,4.0,Nebraska2020M03,1062553,1019925,2020-03-01
472,Nebraska,2020,M02,2.9,Nebraska2020M02,1042449,1012433,2020-02-01
473,Nebraska,2020,M01,2.9,Nebraska2020M01,1040313,1009700,2020-01-01
474,Nebraska,2019,M12,3.0,Nebraska2019M12,1038216,1007064,2019-12-01
475,Nebraska,2019,M11,3.0,Nebraska2019M11,1038315,1007168,2019-11-01
476,Nebraska,2019,M10,3.0,Nebraska2019M10,1038333,1007091,2019-10-01
477,Nebraska,2019,M09,3.0,Nebraska2019M09,1037715,1006262,2019-09-01
478,Nebraska,2019,M08,3.1,Nebraska2019M08,1036782,1005104,2019-08-01
479,Nebraska,2019,M07,3.1,Nebraska2019M07,1035771,1003867,2019-07-01
480,Nebraska,2019,M06,3.1,Nebraska2019M06,1034636,1002586,2019-06-01
481,Nebraska,2019,M05,3.1,Nebraska2019M05,1033738,1001634,2019-05-01
482,Nebraska,2019,M04,3.1,Nebraska2019M04,1032977,1000895,2019-04-01
483,Nebraska,2019,M03,3.1,Nebraska2019M03,1032289,1000359,2019-03-01
484,Nebraska,2019,M02,3.1,Nebraska2019M02,1031617,999943,2019-02-01
485,Nebraska,2019,M01,3.0,Nebraska2019M01,1030858,999512,2019-01-01
486,Nevada,2020,M06,15.0,Nevada2020M06,1498372,1273699,2020-06-01
487,Nevada,2020,M05,25.3,Nevada2020M05,1382809,1033264,2020-05-01
488,Nevada,2020,M04,30.1,Nevada2020M04,1429095,999349,2020-04-01
489,Nevada,2020,M03,6.9,Nevada2020M03,1566217,1458457,2020-03-01
490,Nevada,2020,M02,3.6,Nevada2020M02,1559544,1503339,2020-02-01
491,Nevada,2020,M01,3.6,Nevada2020M01,1555270,1498971,2020-01-01
492,Nevada,2019,M12,3.7,Nevada2019M12,1551408,1494283,2019-12-01
493,Nevada,2019,M11,3.7,Nevada2019M11,1551744,1494712,2019-11-01
494,Nevada,2019,M10,3.7,Nevada2019M10,1551903,1494665,2019-10-01
495,Nevada,2019,M09,3.7,Nevada2019M09,1550526,1492398,2019-09-01
496,Nevada,2019,M08,3.8,Nevada2019M08,1548251,1489050,2019-08-01
497,Nevada,2019,M07,3.9,Nevada2019M07,1545399,1485214,2019-07-01
498,Nevada,2019,M06,3.9,Nevada2019M06,1542002,1481094,2019-06-01
499,Nevada,2019,M05,4.0,Nevada2019M05,1538795,1477371,2019-05-01
500,Nevada,2019,M04,4.0,Nevada2019M04,1535719,1473763,2019-04-01
501,Nevada,2019,M03,4.1,Nevada2019M03,1532838,1470330,2019-03-01
502,Nevada,2019,M02,4.1,Nevada2019M02,1530109,1467018,2019-02-01
503,Nevada,2019,M01,4.2,Nevada2019M01,1527359,1463652,2019-01-01
504,New Hampshire,2020,M06,11.8,New Hampshire2020M06,744836,656575,2020-06-01
505,New Hampshire,2020,M05,15.4,New Hampshire2020M05,734136,621117,2020-05-01
506,New Hampshire,2020,M04,17.1,New Hampshire2020M04,719443,596312,2020-04-01
507,New Hampshire,2020,M03,2.4,New Hampshire2020M03,766087,747979,2020-03-01
508,New Hampshire,2020,M02,2.6,New Hampshire2020M02,779532,759597,2020-02-01
509,New Hampshire,2020,M01,2.6,New Hampshire2020M01,778202,758262,2020-01-01
510,New Hampshire,2019,M12,2.6,New Hampshire2019M12,776586,756684,2019-12-01
511,New Hampshire,2019,M11,2.6,New Hampshire2019M11,776709,756792,2019-11-01
512,New Hampshire,2019,M10,2.6,New Hampshire2019M10,776809,756871,2019-10-01
513,New Hampshire,2019,M09,2.6,New Hampshire2019M09,776382,756456,2019-09-01
514,New Hampshire,2019,M08,2.6,New Hampshire2019M08,775602,755721,2019-08-01
515,New Hampshire,2019,M07,2.6,New Hampshire2019M07,774625,754823,2019-07-01
516,New Hampshire,2019,M06,2.5,New Hampshire2019M06,773472,753774,2019-06-01
517,New Hampshire,2019,M05,2.5,New Hampshire2019M05,772447,752848,2019-05-01
518,New Hampshire,2019,M04,2.5,New Hampshire2019M04,771521,752007,2019-04-01
519,New Hampshire,2019,M03,2.5,New Hampshire2019M03,770691,751257,2019-03-01
520,New Hampshire,2019,M02,2.5,New Hampshire2019M02,769835,750494,2019-02-01
521,New Hampshire,2019,M01,2.5,New Hampshire2019M01,768826,749597,2019-01-01
522,New Jersey,2020,M06,16.6,New Jersey2020M06,4525984,3774660,2020-06-01
523,New Jersey,2020,M05,15.4,New Jersey2020M05,4531245,3835528,2020-05-01
524,New Jersey,2020,M04,16.3,New Jersey2020M04,4483327,3751422,2020-04-01
525,New Jersey,2020,M03,3.7,New Jersey2020M03,4588196,4419828,2020-03-01
526,New Jersey,2020,M02,3.8,New Jersey2020M02,4564128,4390255,2020-02-01
527,New Jersey,2020,M01,3.8,New Jersey2020M01,4551684,4379423,2020-01-01
528,New Jersey,2019,M12,3.7,New Jersey2019M12,4535046,4367342,2019-12-01
529,New Jersey,2019,M11,3.7,New Jersey2019M11,4537131,4368963,2019-11-01
530,New Jersey,2019,M10,3.7,New Jersey2019M10,4536222,4369115,2019-10-01
531,New Jersey,2019,M09,3.6,New Jersey2019M09,4523734,4361752,2019-09-01
532,New Jersey,2019,M08,3.5,New Jersey2019M08,4505661,4350169,2019-08-01
533,New Jersey,2019,M07,3.3,New Jersey2019M07,4486272,4336736,2019-07-01
534,New Jersey,2019,M06,3.3,New Jersey2019M06,4469516,4323243,2019-06-01
535,New Jersey,2019,M05,3.3,New Jersey2019M05,4459791,4312707,2019-05-01
536,New Jersey,2019,M04,3.4,New Jersey2019M04,4455716,4304824,2019-04-01
537,New Jersey,2019,M03,3.5,New Jersey2019M03,4455781,4299568,2019-03-01
538,New Jersey,2019,M02,3.6,New Jersey2019M02,4457146,4295671,2019-02-01
539,New Jersey,2019,M01,3.7,New Jersey2019M01,4456587,4291177,2019-01-01
540,New Mexico,2020,M06,8.3,New Mexico2020M06,922475,845508,2020-06-01
541,New Mexico,2020,M05,9.1,New Mexico2020M05,905243,822492,2020-05-01
542,New Mexico,2020,M04,11.9,New Mexico2020M04,916510,807804,2020-04-01
543,New Mexico,2020,M03,6.3,New Mexico2020M03,968682,907628,2020-03-01
544,New Mexico,2020,M02,4.8,New Mexico2020M02,961807,915799,2020-02-01
545,New Mexico,2020,M01,4.8,New Mexico2020M01,961100,915430,2020-01-01
546,New Mexico,2019,M12,4.8,New Mexico2019M12,959922,914194,2019-12-01
547,New Mexico,2019,M11,4.8,New Mexico2019M11,960148,914468,2019-11-01
548,New Mexico,2019,M10,4.8,New Mexico2019M10,960159,914532,2019-10-01
549,New Mexico,2019,M09,4.8,New Mexico2019M09,959014,913337,2019-09-01
550,New Mexico,2019,M08,4.8,New Mexico2019M08,957248,911407,2019-08-01
551,New Mexico,2019,M07,4.8,New Mexico2019M07,955251,909143,2019-07-01
552,New Mexico,2019,M06,4.9,New Mexico2019M06,953233,906791,2019-06-01
553,New Mexico,2019,M05,4.9,New Mexico2019M05,951670,904857,2019-05-01
554,New Mexico,2019,M04,5.0,New Mexico2019M04,950371,903253,2019-04-01
555,New Mexico,2019,M03,5.0,New Mexico2019M03,949247,901992,2019-03-01
556,New Mexico,2019,M02,5.0,New Mexico2019M02,948193,900972,2019-02-01
557,New Mexico,2019,M01,5.0,New Mexico2019M01,947008,899963,2019-01-01
558,New York,2020,M06,15.7,New York2020M06,9388334,7915715,2020-06-01
559,New York,2020,M05,14.5,New York2020M05,9089160,7770529,2020-05-01
560,New York,2020,M04,15.3,New York2020M04,9084012,7691738,2020-04-01
561,New York,2020,M03,4.1,New York2020M03,9411433,9022695,2020-03-01
562,New York,2020,M02,3.7,New York2020M02,9551655,9197589,2020-02-01
563,New York,2020,M01,3.8,New York2020M01,9542921,9178410,2020-01-01
564,New York,2019,M12,3.9,New York2019M12,9527712,9156258,2019-12-01
565,New York,2019,M11,3.9,New York2019M11,9529070,9157857,2019-11-01
566,New York,2019,M10,3.9,New York2019M10,9527899,9156652,2019-10-01
567,New York,2019,M09,3.9,New York2019M09,9516997,9145414,2019-09-01
568,New York,2019,M08,3.9,New York2019M08,9501909,9129585,2019-08-01
569,New York,2019,M07,3.9,New York2019M07,9488460,9115194,2019-07-01
570,New York,2019,M06,3.9,New York2019M06,9480192,9105741,2019-06-01
571,New York,2019,M05,4.0,New York2019M05,9483005,9106058,2019-05-01
572,New York,2019,M04,4.0,New York2019M04,9495586,9115005,2019-04-01
573,New York,2019,M03,4.0,New York2019M03,9514746,9130757,2019-03-01
574,New York,2019,M02,4.0,New York2019M02,9534512,9148538,2019-02-01
575,New York,2019,M01,4.0,New York2019M01,9547462,9161783,2019-01-01
576,North Carolina,2020,M06,7.6,North Carolina2020M06,4791686,4428221,2020-06-01
577,North Carolina,2020,M05,12.8,North Carolina2020M05,4816235,4200723,2020-05-01
578,North Carolina,2020,M04,12.9,North Carolina2020M04,4687926,4082234,2020-04-01
579,North Carolina,2020,M03,4.3,North Carolina2020M03,4971240,4755540,2020-03-01
580,North Carolina,2020,M02,3.6,North Carolina2020M02,5114662,4932056,2020-02-01
581,North Carolina,2020,M01,3.6,North Carolina2020M01,5110632,4925741,2020-01-01
582,North Carolina,2019,M12,3.6,North Carolina2019M12,5103301,4917178,2019-12-01
583,North Carolina,2019,M11,3.6,North Carolina2019M11,5104251,4918613,2019-11-01
584,North Carolina,2019,M10,3.7,North Carolina2019M10,5104706,4918234,2019-10-01
585,North Carolina,2019,M09,3.7,North Carolina2019M09,5100430,4910144,2019-09-01
586,North Carolina,2019,M08,3.8,North Carolina2019M08,5093224,4898132,2019-08-01
587,North Carolina,2019,M07,3.9,North Carolina2019M07,5084334,4884840,2019-07-01
588,North Carolina,2019,M06,4.0,North Carolina2019M06,5074835,4872346,2019-06-01
589,North Carolina,2019,M05,4.0,North Carolina2019M05,5067558,4863356,2019-05-01
590,North Carolina,2019,M04,4.1,North Carolina2019M04,5061879,4856683,2019-04-01
591,North Carolina,2019,M03,4.1,North Carolina2019M03,5057506,4852162,2019-03-01
592,North Carolina,2019,M02,4.1,North Carolina2019M02,5052626,4847960,2019-02-01
593,North Carolina,2019,M01,4.0,North Carolina2019M01,5044457,4841346,2019-01-01
594,North Dakota,2020,M06,6.1,North Dakota2020M06,398730,374388,2020-06-01
595,North Dakota,2020,M05,9.1,North Dakota2020M05,402457,365917,2020-05-01
596,North Dakota,2020,M04,9.1,North Dakota2020M04,406657,369752,2020-04-01
597,North Dakota,2020,M03,2.0,North Dakota2020M03,405729,397604,2020-03-01
598,North Dakota,2020,M02,2.2,North Dakota2020M02,404488,395451,2020-02-01
599,North Dakota,2020,M01,2.3,North Dakota2020M01,404282,394947,2020-01-01
600,North Dakota,2019,M12,2.4,North Dakota2019M12,403982,394353,2019-12-01
601,North Dakota,2019,M11,2.4,North Dakota2019M11,403988,394349,2019-11-01
602,North Dakota,2019,M10,2.4,North Dakota2019M10,404014,394318,2019-10-01
603,North Dakota,2019,M09,2.4,North Dakota2019M09,403977,394189,2019-09-01
604,North Dakota,2019,M08,2.4,North Dakota2019M08,403898,394044,2019-08-01
605,North Dakota,2019,M07,2.4,North Dakota2019M07,403815,393961,2019-07-01
606,North Dakota,2019,M06,2.4,North Dakota2019M06,403647,393878,2019-06-01
607,North Dakota,2019,M05,2.4,North Dakota2019M05,403494,393870,2019-05-01
608,North Dakota,2019,M04,2.3,North Dakota2019M04,403330,393862,2019-04-01
609,North Dakota,2019,M03,2.3,North Dakota2019M03,403162,393816,2019-03-01
610,North Dakota,2019,M02,2.3,North Dakota2019M02,403000,393695,2019-02-01
611,North Dakota,2019,M01,2.3,North Dakota2019M01,402833,393461,2019-01-01
612,Ohio,2020,M06,10.9,Ohio2020M06,5793969,5162543,2020-06-01
613,Ohio,2020,M05,13.9,Ohio2020M05,5755881,4958653,2020-05-01
614,Ohio,2020,M04,17.6,Ohio2020M04,5672068,4672850,2020-04-01
615,Ohio,2020,M03,5.8,Ohio2020M03,5776221,5441767,2020-03-01
616,Ohio,2020,M02,4.1,Ohio2020M02,5829126,5588285,2020-02-01
617,Ohio,2020,M01,4.1,Ohio2020M01,5818790,5580352,2020-01-01
618,Ohio,2019,M12,4.1,Ohio2019M12,5811750,5574862,2019-12-01
619,Ohio,2019,M11,4.1,Ohio2019M11,5812596,5575626,2019-11-01
620,Ohio,2019,M10,4.1,Ohio2019M10,5814465,5576321,2019-10-01
621,Ohio,2019,M09,4.1,Ohio2019M09,5814117,5574031,2019-09-01
622,Ohio,2019,M08,4.2,Ohio2019M08,5810621,5569183,2019-08-01
623,Ohio,2019,M07,4.2,Ohio2019M07,5804123,5563089,2019-07-01
624,Ohio,2019,M06,4.1,Ohio2019M06,5795568,5556712,2019-06-01
625,Ohio,2019,M05,4.1,Ohio2019M05,5789490,5552734,2019-05-01
626,Ohio,2019,M04,4.1,Ohio2019M04,5787762,5551351,2019-04-01
627,Ohio,2019,M03,4.1,Ohio2019M03,5791235,5552692,2019-03-01
628,Ohio,2019,M02,4.2,Ohio2019M02,5798120,5555168,2019-02-01
629,Ohio,2019,M01,4.3,Ohio2019M01,5803806,5555676,2019-01-01
630,Oklahoma,2020,M06,6.6,Oklahoma2020M06,1765773,1649171,2020-06-01
631,Oklahoma,2020,M05,12.6,Oklahoma2020M05,1823007,1592762,2020-05-01
632,Oklahoma,2020,M04,14.7,Oklahoma2020M04,1776346,1515047,2020-04-01
633,Oklahoma,2020,M03,2.9,Oklahoma2020M03,1829828,1776101,2020-03-01
634,Oklahoma,2020,M02,3.2,Oklahoma2020M02,1844257,1785827,2020-02-01
635,Oklahoma,2020,M01,3.3,Oklahoma2020M01,1845422,1784815,2020-01-01
636,Oklahoma,2019,M12,3.4,Oklahoma2019M12,1845530,1783548,2019-12-01
637,Oklahoma,2019,M11,3.4,Oklahoma2019M11,1845800,1783677,2019-11-01
638,Oklahoma,2019,M10,3.4,Oklahoma2019M10,1846046,1783842,2019-10-01
639,Oklahoma,2019,M09,3.3,Oklahoma2019M09,1845138,1783397,2019-09-01
640,Oklahoma,2019,M08,3.3,Oklahoma2019M08,1843446,1782527,2019-08-01
641,Oklahoma,2019,M07,3.3,Oklahoma2019M07,1841427,1781526,2019-07-01
642,Oklahoma,2019,M06,3.2,Oklahoma2019M06,1839224,1780170,2019-06-01
643,Oklahoma,2019,M05,3.2,Oklahoma2019M05,1837778,1779004,2019-05-01
644,Oklahoma,2019,M04,3.2,Oklahoma2019M04,1837101,1778063,2019-04-01
645,Oklahoma,2019,M03,3.2,Oklahoma2019M03,1837004,1777425,2019-03-01
646,Oklahoma,2019,M02,3.3,Oklahoma2019M02,1837111,1777026,2019-02-01
647,Oklahoma,2019,M01,3.3,Oklahoma2019M01,1837017,1776712,2019-01-01
648,Oregon,2020,M06,11.2,Oregon2020M06,2145445,1906120,2020-06-01
649,Oregon,2020,M05,14.3,Oregon2020M05,2124082,1820588,2020-05-01
650,Oregon,2020,M04,14.9,Oregon2020M04,2110693,1796681,2020-04-01
651,Oregon,2020,M03,3.5,Oregon2020M03,2110900,2038010,2020-03-01
652,Oregon,2020,M02,3.3,Oregon2020M02,2105508,2036466,2020-02-01
653,Oregon,2020,M01,3.3,Oregon2020M01,2104158,2034344,2020-01-01
654,Oregon,2019,M12,3.4,Oregon2019M12,2103105,2031743,2019-12-01
655,Oregon,2019,M11,3.4,Oregon2019M11,2103089,2032001,2019-11-01
656,Oregon,2019,M10,3.4,Oregon2019M10,2103183,2031830,2019-10-01
657,Oregon,2019,M09,3.5,Oregon2019M09,2103078,2029880,2019-09-01
658,Oregon,2019,M08,3.6,Oregon2019M08,2102758,2027120,2019-08-01
659,Oregon,2019,M07,3.7,Oregon2019M07,2102460,2024262,2019-07-01
660,Oregon,2019,M06,3.8,Oregon2019M06,2102160,2021645,2019-06-01
661,Oregon,2019,M05,3.9,Oregon2019M05,2102670,2020170,2019-05-01
662,Oregon,2019,M04,4.0,Oregon2019M04,2103937,2019541,2019-04-01
663,Oregon,2019,M03,4.1,Oregon2019M03,2105727,2019569,2019-03-01
664,Oregon,2019,M02,4.2,Oregon2019M02,2107405,2019776,2019-02-01
665,Oregon,2019,M01,4.2,Oregon2019M01,2107966,2019483,2019-01-01
666,Pennsylvania,2020,M06,13.0,Pennsylvania2020M06,6328368,5507111,2020-06-01
667,Pennsylvania,2020,M05,13.4,Pennsylvania2020M05,6502535,5628460,2020-05-01
668,Pennsylvania,2020,M04,16.1,Pennsylvania2020M04,6447477,5410390,2020-04-01
669,Pennsylvania,2020,M03,5.8,Pennsylvania2020M03,6542916,6163426,2020-03-01
670,Pennsylvania,2020,M02,4.7,Pennsylvania2020M02,6558419,6249391,2020-02-01
671,Pennsylvania,2020,M01,4.7,Pennsylvania2020M01,6549144,6242115,2020-01-01
672,Pennsylvania,2019,M12,4.6,Pennsylvania2019M12,6537907,6234518,2019-12-01
673,Pennsylvania,2019,M11,4.6,Pennsylvania2019M11,6540059,6235989,2019-11-01
674,Pennsylvania,2019,M10,4.6,Pennsylvania2019M10,6539128,6235732,2019-10-01
675,Pennsylvania,2019,M09,4.6,Pennsylvania2019M09,6525482,6227604,2019-09-01
676,Pennsylvania,2019,M08,4.5,Pennsylvania2019M08,6505764,6215256,2019-08-01
677,Pennsylvania,2019,M07,4.4,Pennsylvania2019M07,6484491,6202028,2019-07-01
678,Pennsylvania,2019,M06,4.3,Pennsylvania2019M06,6465538,6190327,2019-06-01
679,Pennsylvania,2019,M05,4.2,Pennsylvania2019M05,6454236,6183946,2019-05-01
680,Pennsylvania,2019,M04,4.1,Pennsylvania2019M04,6449195,6182165,2019-04-01
681,Pennsylvania,2019,M03,4.1,Pennsylvania2019M03,6449431,6184335,2019-03-01
682,Pennsylvania,2019,M02,4.1,Pennsylvania2019M02,6452662,6188346,2019-02-01
683,Pennsylvania,2019,M01,4.1,Pennsylvania2019M01,6455146,6190720,2019-01-01
684,Rhode Island,2020,M06,12.4,Rhode Island2020M06,549836,481465,2020-06-01
685,Rhode Island,2020,M05,16.4,Rhode Island2020M05,522456,436675,2020-05-01
686,Rhode Island,2020,M04,18.1,Rhode Island2020M04,529069,433290,2020-04-01
687,Rhode Island,2020,M03,4.7,Rhode Island2020M03,565163,538703,2020-03-01
688,Rhode Island,2020,M02,3.4,Rhode Island2020M02,558531,539751,2020-02-01
689,Rhode Island,2020,M01,3.4,Rhode Island2020M01,557583,538637,2020-01-01
690,Rhode Island,2019,M12,3.5,Rhode Island2019M12,556912,537582,2019-12-01
691,Rhode Island,2019,M11,3.5,Rhode Island2019M11,556972,537676,2019-11-01
692,Rhode Island,2019,M10,3.5,Rhode Island2019M10,556922,537609,2019-10-01
693,Rhode Island,2019,M09,3.5,Rhode Island2019M09,556431,536955,2019-09-01
694,Rhode Island,2019,M08,3.5,Rhode Island2019M08,555753,536052,2019-08-01
695,Rhode Island,2019,M07,3.6,Rhode Island2019M07,555092,535185,2019-07-01
696,Rhode Island,2019,M06,3.6,Rhode Island2019M06,554515,534489,2019-06-01
697,Rhode Island,2019,M05,3.6,Rhode Island2019M05,554268,534212,2019-05-01
698,Rhode Island,2019,M04,3.6,Rhode Island2019M04,554273,534209,2019-04-01
699,Rhode Island,2019,M03,3.6,Rhode Island2019M03,554436,534318,2019-03-01
700,Rhode Island,2019,M02,3.7,Rhode Island2019M02,554644,534394,2019-02-01
701,Rhode Island,2019,M01,3.7,Rhode Island2019M01,554803,534352,2019-01-01
702,South Carolina,2020,M06,8.7,South Carolina2020M06,2432865,2222144,2020-06-01
703,South Carolina,2020,M05,12.4,South Carolina2020M05,2416098,2116430,2020-05-01
704,South Carolina,2020,M04,12.8,South Carolina2020M04,2376830,2073470,2020-04-01
705,South Carolina,2020,M03,3.2,South Carolina2020M03,2405171,2328802,2020-03-01
706,South Carolina,2020,M02,2.5,South Carolina2020M02,2391855,2333224,2020-02-01
707,South Carolina,2020,M01,2.4,South Carolina2020M01,2387096,2330497,2020-01-01
708,South Carolina,2019,M12,2.4,South Carolina2019M12,2383297,2326018,2019-12-01
709,South Carolina,2019,M11,2.4,South Carolina2019M11,2383533,2326821,2019-11-01
710,South Carolina,2019,M10,2.4,South Carolina2019M10,2383056,2326812,2019-10-01
711,South Carolina,2019,M09,2.4,South Carolina2019M09,2380292,2322842,2019-09-01
712,South Carolina,2019,M08,2.5,South Carolina2019M08,2376923,2316783,2019-08-01
713,South Carolina,2019,M07,2.7,South Carolina2019M07,2374220,2309920,2019-07-01
714,South Carolina,2019,M06,2.9,South Carolina2019M06,2372211,2303048,2019-06-01
715,South Carolina,2019,M05,3.1,South Carolina2019M05,2371610,2297752,2019-05-01
716,South Carolina,2019,M04,3.3,South Carolina2019M04,2371542,2293871,2019-04-01
717,South Carolina,2019,M03,3.4,South Carolina2019M03,2371243,2291362,2019-03-01
718,South Carolina,2019,M02,3.4,South Carolina2019M02,2370060,2289490,2019-02-01
719,South Carolina,2019,M01,3.4,South Carolina2019M01,2367422,2287166,2019-01-01
720,South Dakota,2020,M06,7.2,South Dakota2020M06,468079,434368,2020-06-01
721,South Dakota,2020,M05,9.4,South Dakota2020M05,464195,420530,2020-05-01
722,South Dakota,2020,M04,10.9,South Dakota2020M04,470300,419024,2020-04-01
723,South Dakota,2020,M03,3.1,South Dakota2020M03,468175,453878,2020-03-01
724,South Dakota,2020,M02,3.3,South Dakota2020M02,467108,451498,2020-02-01
725,South Dakota,2020,M01,3.4,South Dakota2020M01,466500,450689,2020-01-01
726,South Dakota,2019,M12,3.4,South Dakota2019M12,465805,450033,2019-12-01
727,South Dakota,2019,M11,3.4,South Dakota2019M11,465885,450090,2019-11-01
728,South Dakota,2019,M10,3.4,South Dakota2019M10,465907,450107,2019-10-01
729,South Dakota,2019,M09,3.4,South Dakota2019M09,465518,449811,2019-09-01
730,South Dakota,2019,M08,3.3,South Dakota2019M08,464900,449335,2019-08-01
731,South Dakota,2019,M07,3.3,South Dakota2019M07,464203,448786,2019-07-01
732,South Dakota,2019,M06,3.3,South Dakota2019M06,463467,448192,2019-06-01
733,South Dakota,2019,M05,3.3,South Dakota2019M05,462916,447776,2019-05-01
734,South Dakota,2019,M04,3.2,South Dakota2019M04,462504,447528,2019-04-01
735,South Dakota,2019,M03,3.2,South Dakota2019M03,462185,447414,2019-03-01
736,South Dakota,2019,M02,3.1,South Dakota2019M02,461922,447375,2019-02-01
737,South Dakota,2019,M01,3.1,South Dakota2019M01,461674,447348,2019-01-01
738,Tennessee,2020,M06,9.7,Tennessee2020M06,3168467,2861316,2020-06-01
739,Tennessee,2020,M05,11.0,Tennessee2020M05,3292225,2928570,2020-05-01
740,Tennessee,2020,M04,15.5,Tennessee2020M04,3222468,2722847,2020-04-01
741,Tennessee,2020,M03,3.3,Tennessee2020M03,3375134,3262392,2020-03-01
742,Tennessee,2020,M02,3.4,Tennessee2020M02,3365849,3251528,2020-02-01
743,Tennessee,2020,M01,3.3,Tennessee2020M01,3367254,3255324,2020-01-01
744,Tennessee,2019,M12,3.3,Tennessee2019M12,3366970,3255159,2019-12-01
745,Tennessee,2019,M11,3.3,Tennessee2019M11,3367604,3256017,2019-11-01
746,Tennessee,2019,M10,3.3,Tennessee2019M10,3366977,3255560,2019-10-01
747,Tennessee,2019,M09,3.3,Tennessee2019M09,3361680,3249964,2019-09-01
748,Tennessee,2019,M08,3.4,Tennessee2019M08,3354688,3242107,2019-08-01
749,Tennessee,2019,M07,3.4,Tennessee2019M07,3347516,3233754,2019-07-01
750,Tennessee,2019,M06,3.4,Tennessee2019M06,3340529,3225744,2019-06-01
751,Tennessee,2019,M05,3.5,Tennessee2019M05,3334950,3219522,2019-05-01
752,Tennessee,2019,M04,3.5,Tennessee2019M04,3329501,3214083,2019-04-01
753,Tennessee,2019,M03,3.5,Tennessee2019M03,3323775,3209094,2019-03-01
754,Tennessee,2019,M02,3.4,Tennessee2019M02,3317224,3203692,2019-02-01
755,Tennessee,2019,M01,3.4,Tennessee2019M01,3309011,3196491,2019-01-01
756,Texas,2020,M06,8.6,Texas2020M06,13839763,12643942,2020-06-01
757,Texas,2020,M05,13.0,Texas2020M05,13498250,11745046,2020-05-01
758,Texas,2020,M04,13.5,Texas2020M04,12960683,11216661,2020-04-01
759,Texas,2020,M03,5.1,Texas2020M03,14004479,13288652,2020-03-01
760,Texas,2020,M02,3.5,Texas2020M02,14199564,13707110,2020-02-01
761,Texas,2020,M01,3.5,Texas2020M01,14180789,13686397,2020-01-01
762,Texas,2019,M12,3.5,Texas2019M12,14155916,13660124,2019-12-01
763,Texas,2019,M11,3.5,Texas2019M11,14161219,13664882,2019-11-01
764,Texas,2019,M10,3.5,Texas2019M10,14160862,13663754,2019-10-01
765,Texas,2019,M09,3.5,Texas2019M09,14133202,13637428,2019-09-01
766,Texas,2019,M08,3.5,Texas2019M08,14090993,13598543,2019-08-01
767,Texas,2019,M07,3.5,Texas2019M07,14042579,13555554,2019-07-01
768,Texas,2019,M06,3.4,Texas2019M06,13996248,13514401,2019-06-01
769,Texas,2019,M05,3.4,Texas2019M05,13964638,13483946,2019-05-01
770,Texas,2019,M04,3.5,Texas2019M04,13946357,13461899,2019-04-01
771,Texas,2019,M03,3.5,Texas2019M03,13939677,13447760,2019-03-01
772,Texas,2019,M02,3.6,Texas2019M02,13939304,13437974,2019-02-01
773,Texas,2019,M01,3.7,Texas2019M01,13936827,13426550,2019-01-01
774,Utah,2020,M06,5.1,Utah2020M06,1665575,1579898,2020-06-01
775,Utah,2020,M05,8.6,Utah2020M05,1609768,1471957,2020-05-01
776,Utah,2020,M04,10.4,Utah2020M04,1600601,1434307,2020-04-01
777,Utah,2020,M03,3.8,Utah2020M03,1625383,1562935,2020-03-01
778,Utah,2020,M02,2.5,Utah2020M02,1630650,1590199,2020-02-01
779,Utah,2020,M01,2.5,Utah2020M01,1626802,1586763,2020-01-01
780,Utah,2019,M12,2.4,Utah2019M12,1622443,1582820,2019-12-01
781,Utah,2019,M11,2.4,Utah2019M11,1622909,1583400,2019-11-01
782,Utah,2019,M10,2.4,Utah2019M10,1622472,1583040,2019-10-01
783,Utah,2019,M09,2.5,Utah2019M09,1618990,1579270,2019-09-01
784,Utah,2019,M08,2.5,Utah2019M08,1614356,1574085,2019-08-01
785,Utah,2019,M07,2.5,Utah2019M07,1609459,1568424,2019-07-01
786,Utah,2019,M06,2.6,Utah2019M06,1604610,1562707,2019-06-01
787,Utah,2019,M05,2.7,Utah2019M05,1600547,1557758,2019-05-01
788,Utah,2019,M04,2.7,Utah2019M04,1596715,1553061,2019-04-01
789,Utah,2019,M03,2.8,Utah2019M03,1593090,1548643,2019-03-01
790,Utah,2019,M02,2.8,Utah2019M02,1589639,1544481,2019-02-01
791,Utah,2019,M01,2.9,Utah2019M01,1586291,1540489,2019-01-01
792,Vermont,2020,M06,9.4,Vermont2020M06,341468,309447,2020-06-01
793,Vermont,2020,M05,12.8,Vermont2020M05,343838,299688,2020-05-01
794,Vermont,2020,M04,16.5,Vermont2020M04,350944,293039,2020-04-01
795,Vermont,2020,M03,3.1,Vermont2020M03,340607,330084,2020-03-01
796,Vermont,2020,M02,2.4,Vermont2020M02,340142,331947,2020-02-01
797,Vermont,2020,M01,2.4,Vermont2020M01,340538,332233,2020-01-01
798,Vermont,2019,M12,2.4,Vermont2019M12,340749,332491,2019-12-01
799,Vermont,2019,M11,2.4,Vermont2019M11,340681,332418,2019-11-01
800,Vermont,2019,M10,2.4,Vermont2019M10,340685,332422,2019-10-01
801,Vermont,2019,M09,2.4,Vermont2019M09,340947,332709,2019-09-01
802,Vermont,2019,M08,2.4,Vermont2019M08,341361,333162,2019-08-01
803,Vermont,2019,M07,2.4,Vermont2019M07,341929,333781,2019-07-01
804,Vermont,2019,M06,2.4,Vermont2019M06,342493,334399,2019-06-01
805,Vermont,2019,M05,2.3,Vermont2019M05,343025,334970,2019-05-01
806,Vermont,2019,M04,2.3,Vermont2019M04,343481,335445,2019-04-01
807,Vermont,2019,M03,2.3,Vermont2019M03,343817,335772,2019-03-01
808,Vermont,2019,M02,2.3,Vermont2019M02,344021,335938,2019-02-01
809,Vermont,2019,M01,2.4,Vermont2019M01,344128,335981,2019-01-01
810,Virginia,2020,M06,8.4,Virginia2020M06,4322244,3957935,2020-06-01
811,Virginia,2020,M05,9.0,Virginia2020M05,4306310,3916764,2020-05-01
812,Virginia,2020,M04,11.2,Virginia2020M04,4314050,3831939,2020-04-01
813,Virginia,2020,M03,3.3,Virginia2020M03,4439350,4294056,2020-03-01
814,Virginia,2020,M02,2.6,Virginia2020M02,4462573,4345324,2020-02-01
815,Virginia,2020,M01,2.7,Virginia2020M01,4453928,4335613,2020-01-01
816,Virginia,2019,M12,2.7,Virginia2019M12,4443312,4324694,2019-12-01
817,Virginia,2019,M11,2.7,Virginia2019M11,4444649,4326215,2019-11-01
818,Virginia,2019,M10,2.7,Virginia2019M10,4444122,4325663,2019-10-01
819,Virginia,2019,M09,2.7,Virginia2019M09,4435867,4316769,2019-09-01
820,Virginia,2019,M08,2.7,Virginia2019M08,4423894,4303811,2019-08-01
821,Virginia,2019,M07,2.7,Virginia2019M07,4410824,4289574,2019-07-01
822,Virginia,2019,M06,2.8,Virginia2019M06,4398723,4276136,2019-06-01
823,Virginia,2019,M05,2.8,Virginia2019M05,4390760,4266437,2019-05-01
824,Virginia,2019,M04,2.9,Virginia2019M04,4385945,4259615,2019-04-01
825,Virginia,2019,M03,2.9,Virginia2019M03,4383549,4255394,2019-03-01
826,Virginia,2019,M02,3.0,Virginia2019M02,4381973,4252554,2019-02-01
827,Virginia,2019,M01,3.0,Virginia2019M01,4378779,4248896,2019-01-01
828,Washington,2020,M06,9.8,Washington2020M06,3951035,3562587,2020-06-01
829,Washington,2020,M05,15.1,Washington2020M05,3945467,3351584,2020-05-01
830,Washington,2020,M04,16.3,Washington2020M04,3963317,3318207,2020-04-01
831,Washington,2020,M03,5.1,Washington2020M03,3890678,3692118,2020-03-01
832,Washington,2020,M02,3.8,Washington2020M02,3962518,3810985,2020-02-01
833,Washington,2020,M01,3.9,Washington2020M01,3955240,3799772,2020-01-01
834,Washington,2019,M12,4.0,Washington2019M12,3945375,3786562,2019-12-01
835,Washington,2019,M11,4.0,Washington2019M11,3946541,3788021,2019-11-01
836,Washington,2019,M10,4.0,Washington2019M10,3946416,3787504,2019-10-01
837,Washington,2019,M09,4.1,Washington2019M09,3940112,3779057,2019-09-01
838,Washington,2019,M08,4.2,Washington2019M08,3930722,3766907,2019-08-01
839,Washington,2019,M07,4.2,Washington2019M07,3919719,3753135,2019-07-01
840,Washington,2019,M06,4.3,Washington2019M06,3908037,3739115,2019-06-01
841,Washington,2019,M05,4.4,Washington2019M05,3898166,3727376,2019-05-01
842,Washington,2019,M04,4.4,Washington2019M04,3889585,3717134,2019-04-01
843,Washington,2019,M03,4.5,Washington2019M03,3882393,3708611,2019-03-01
844,Washington,2019,M02,4.5,Washington2019M02,3875991,3701364,2019-02-01
845,Washington,2019,M01,4.5,Washington2019M01,3868946,3694229,2019-01-01
846,West Virginia,2020,M06,10.4,West Virginia2020M06,764254,684835,2020-06-01
847,West Virginia,2020,M05,12.9,West Virginia2020M05,780029,679272,2020-05-01
848,West Virginia,2020,M04,15.9,West Virginia2020M04,776722,652883,2020-04-01
849,West Virginia,2020,M03,6.0,West Virginia2020M03,823300,773588,2020-03-01
850,West Virginia,2020,M02,4.9,West Virginia2020M02,806570,766827,2020-02-01
851,West Virginia,2020,M01,5.0,West Virginia2020M01,804830,764293,2020-01-01
852,West Virginia,2019,M12,5.1,West Virginia2019M12,802879,762154,2019-12-01
853,West Virginia,2019,M11,5.1,West Virginia2019M11,803129,762335,2019-11-01
854,West Virginia,2019,M10,5.1,West Virginia2019M10,803070,762385,2019-10-01
855,West Virginia,2019,M09,5.0,West Virginia2019M09,801633,761592,2019-09-01
856,West Virginia,2019,M08,4.9,West Virginia2019M08,799495,760287,2019-08-01
857,West Virginia,2019,M07,4.8,West Virginia2019M07,797083,758718,2019-07-01
858,West Virginia,2019,M06,4.7,West Virginia2019M06,794739,757007,2019-06-01
859,West Virginia,2019,M05,4.7,West Virginia2019M05,793046,755562,2019-05-01
860,West Virginia,2019,M04,4.7,West Virginia2019M04,791876,754352,2019-04-01
861,West Virginia,2019,M03,4.8,West Virginia2019M03,791185,753421,2019-03-01
862,West Virginia,2019,M02,4.8,West Virginia2019M02,790807,752664,2019-02-01
863,West Virginia,2019,M01,4.9,West Virginia2019M01,790389,751807,2019-01-01
864,Wisconsin,2020,M06,8.5,Wisconsin2020M06,3056924,2796318,2020-06-01
865,Wisconsin,2020,M05,12.1,Wisconsin2020M05,3103238,2726588,2020-05-01
866,Wisconsin,2020,M04,13.6,Wisconsin2020M04,3048647,2633090,2020-04-01
867,Wisconsin,2020,M03,3.1,Wisconsin2020M03,3088813,2992488,2020-03-01
868,Wisconsin,2020,M02,3.5,Wisconsin2020M02,3108814,2999939,2020-02-01
869,Wisconsin,2020,M01,3.5,Wisconsin2020M01,3110114,3000511,2020-01-01
870,Wisconsin,2019,M12,3.5,Wisconsin2019M12,3108122,3000569,2019-12-01
871,Wisconsin,2019,M11,3.5,Wisconsin2019M11,3108239,3000639,2019-11-01
872,Wisconsin,2019,M10,3.5,Wisconsin2019M10,3108148,3000585,2019-10-01
873,Wisconsin,2019,M09,3.4,Wisconsin2019M09,3106837,2999745,2019-09-01
874,Wisconsin,2019,M08,3.4,Wisconsin2019M08,3104935,2998455,2019-08-01
875,Wisconsin,2019,M07,3.4,Wisconsin2019M07,3103095,2997498,2019-07-01
876,Wisconsin,2019,M06,3.4,Wisconsin2019M06,3101295,2996909,2019-06-01
877,Wisconsin,2019,M05,3.3,Wisconsin2019M05,3100758,2997743,2019-05-01
878,Wisconsin,2019,M04,3.3,Wisconsin2019M04,3101367,2999990,2019-04-01
879,Wisconsin,2019,M03,3.2,Wisconsin2019M03,3103060,3003443,2019-03-01
880,Wisconsin,2019,M02,3.2,Wisconsin2019M02,3105384,3007474,2019-02-01
881,Wisconsin,2019,M01,3.1,Wisconsin2019M01,3107365,3011087,2019-01-01
882,Wyoming,2020,M06,7.6,Wyoming2020M06,296430,273767,2020-06-01
883,Wyoming,2020,M05,8.8,Wyoming2020M05,294481,268691,2020-05-01
884,Wyoming,2020,M04,9.6,Wyoming2020M04,296644,268301,2020-04-01
885,Wyoming,2020,M03,3.8,Wyoming2020M03,295500,284302,2020-03-01
886,Wyoming,2020,M02,3.7,Wyoming2020M02,294176,283296,2020-02-01
887,Wyoming,2020,M01,3.7,Wyoming2020M01,293281,282542,2020-01-01
888,Wyoming,2019,M12,3.7,Wyoming2019M12,292662,281857,2019-12-01
889,Wyoming,2019,M11,3.7,Wyoming2019M11,292684,281856,2019-11-01
890,Wyoming,2019,M10,3.7,Wyoming2019M10,292785,281900,2019-10-01
891,Wyoming,2019,M09,3.7,Wyoming2019M09,292889,281961,2019-09-01
892,Wyoming,2019,M08,3.7,Wyoming2019M08,292901,281995,2019-08-01
893,Wyoming,2019,M07,3.7,Wyoming2019M07,292785,281998,2019-07-01
894,Wyoming,2019,M06,3.6,Wyoming2019M06,292490,281906,2019-06-01
895,Wyoming,2019,M05,3.5,Wyoming2019M05,292132,281782,2019-05-01
896,Wyoming,2019,M04,3.5,Wyoming2019M04,291796,281644,2019-04-01
897,Wyoming,2019,M03,3.4,Wyoming2019M03,291572,281521,2019-03-01
898,Wyoming,2019,M02,3.5,Wyoming2019M02,291491,281400,2019-02-01
899,Wyoming,2019,M01,3.5,Wyoming2019M01,291512,281239,2019-01-01
900,District of Columbia,2020,M06,8.6,District of Columbia2020M06,394949,361033,2020-06-01
901,District of Columbia,2020,M05,8.8,District of Columbia2020M05,387790,353764,2020-05-01
902,District of Columbia,2020,M04,11.7,District of Columbia2020M04,402453,355455,2020-04-01
903,District of Columbia,2020,M03,6.0,District of Columbia2020M03,420505,395074,2020-03-01
904,District of Columbia,2020,M02,5.1,District of Columbia2020M02,414353,393016,2020-02-01
905,District of Columbia,2020,M01,5.2,District of Columbia2020M01,413042,391465,2020-01-01
906,District of Columbia,2019,M12,5.3,District of Columbia2019M12,411960,390081,2019-12-01
907,District of Columbia,2019,M11,5.3,District of Columbia2019M11,411999,390156,2019-11-01
908,District of Columbia,2019,M10,5.3,District of Columbia2019M10,411867,390098,2019-10-01
909,District of Columbia,2019,M09,5.3,District of Columbia2019M09,411296,389568,2019-09-01
910,District of Columbia,2019,M08,5.3,District of Columbia2019M08,410617,388842,2019-08-01
911,District of Columbia,2019,M07,5.4,District of Columbia2019M07,410015,388072,2019-07-01
912,District of Columbia,2019,M06,5.4,District of Columbia2019M06,409498,387260,2019-06-01
913,District of Columbia,2019,M05,5.5,District of Columbia2019M05,409126,386492,2019-05-01
914,District of Columbia,2019,M04,5.6,District of Columbia2019M04,408698,385659,2019-04-01
915,District of Columbia,2019,M03,5.7,District of Columbia2019M03,408166,384810,2019-03-01
916,District of Columbia,2019,M02,5.8,District of Columbia2019M02,407526,384015,2019-02-01
917,District of Columbia,2019,M01,5.8,District of Columbia2019M01,406773,383285,2019-01-01
